[
    {
        "hfont": "Abril Fatface",
        "tfont": "Lato"
    },
    {
        "hfont": "Alegreya",
        "tfont": "Alegreya Sans"
    },
    {
        "hfont": "Archivo",
        "tfont": "Roboto"
    },
    {
        "hfont": "Bebas Neue",
        "tfont": "Old Standard TT"
    },
    {
        "hfont": "Playfair Display",
        "tfont": "Source Sans Pro"
    },
    {
        "hfont": "Exo2",
        "tfont": "Alegreya Sans"
    },
    {
        "hfont": "Fira Sans",
        "tfont": "PT Serif"
    },
    {
        "hfont": "Josefin Sans",
        "tfont": "Josefin Slab"
    },
    {
        "hfont": "Karla",
        "tfont": "Spectral"
    },
    {
        "hfont": "Lato",
        "tfont": "Merriweather"
    },
    {
        "hfont": "Lato",
        "tfont": "Roboto"
    },
    {
        "hfont": "Quattrocento",
        "tfont": "Quattrocento Sans"
    },
    {
        "hfont": "Oswald",
        "tfont": "Quattrocento"
    },
    {
        "hfont": "Libre Baskerville",
        "tfont": "Source Sans Pro"
    },
    {
        "hfont": "Libre Franklin",
        "tfont": "Libre Baskerville"
    },
    {
        "hfont": "Lobster",
        "tfont": "Roboto"
    },
    {
        "hfont": "Lora",
        "tfont": "Merriweather"
    },
    {
        "hfont": "Merriweather Sans",
        "tfont": "Merriweather"
    },
    {
        "hfont": "Montserrat",
        "tfont": "Merriweather"
    },
    {
        "hfont": "Montserrat",
        "tfont": "Droid Serif"
    },
    {
        "hfont": "Palanquin",
        "tfont": "Roboto"
    },
    {
        "hfont": "Baloo",
        "tfont": "Montserrat"
    },
    {
        "hfont": "Open Sans",
        "tfont": "Source Sans Pro"
    },
    {
        "hfont": "Oswald",
        "tfont": "Montserrat"
    },
    {
        "hfont": "Oswald",
        "tfont": "Old Standard TT"
    },
    {
        "hfont": "Playfair Display",
        "tfont": "Raleway"
    },
    {
        "hfont": "PT Sans",
        "tfont": "PT Serif"
    },
    {
        "hfont": "Raleway",
        "tfont": "Merriweather"
    },
    {
        "hfont": "Source Sans Pro",
        "tfont": "Times New Roman"
    },
    {
        "hfont": "Sacramento",
        "tfont": "Alice"
    },
    {
        "hfont": "Halant",
        "tfont": "Nunito Sans"
    },
    {
        "hfont": "Ubuntu",
        "tfont": "Open Sans"
    },
    {
        "hfont": "Unica One",
        "tfont": "Crimson Text"
    },
    {
        "hfont": "Philosopher",
        "tfont": "Muli"
    },
    {
        "hfont": "Source Sans Pro",
        "tfont": "Source Serif Pro"
    },
    {
        "hfont": "Fjalla One",
        "tfont": "Cantarell"
    },
    {
        "hfont": "Work Sans",
        "tfont": "Open Sans"
    },
    {
        "hfont": "Hind",
        "tfont": "Open Sans"
    },
    {
        "hfont": "Oxygen",
        "tfont": "Source Sans Pro"
    },
    {
        "hfont": "Fjalla One",
        "tfont": "Libre Baskerville"
    },
    {
        "hfont": "Lustria",
        "tfont": "Lato"
    },
    {
        "hfont": "Cormorant Garamond",
        "tfont": "Proza Libre"
    },
    {
        "hfont": "Cinzel",
        "tfont": "Fauna One"
    },
    {
        "hfont": "Yeseva One",
        "tfont": "Josefin Sans"
    },
    {
        "hfont": "Cardo",
        "tfont": "Josefin Sans"
    },
    {
        "hfont": "Roboto",
        "tfont": "Nunito"
    },
    {
        "hfont": "Quicksand",
        "tfont": "Quicksand"
    },
    {
        "hfont": "Montserrat",
        "tfont": "Hind"
    },
    {
        "hfont": "Dancing Script",
        "tfont": "Josefin Sans"
    },
    {
        "hfont": "Corben",
        "tfont": "Nobile"
    }
]